id,title,description,category,subCategory,imageName
1,Name dcodwcece,wehp iwehc ehcoew cphc picpc,C1,C1S1,services.jpeg
2,Name cevevfe,wehp iwehc ehcoew cphc picpc,C1,C1S2,services.jpeg
3,Name ver3v3vv,wehp iwehc ehcoew cphc picpc,C1,C1S3,services.jpeg
4,Name vv3v34vr,wehp iwehc ehcoew cphc picpc,C1,C1S1,services.jpeg
5,Name vfvrcjr,wehp iwehc ehcoew cphc picpc,C1,C1S2,services.jpeg
6,Name cbbprcnrn,wehp iwehc ehcoew cphc picpc,C1,C1S3,services.jpeg
7,Name cpkciv,wehp iwehc ehcoew cphc picpc,C2,C2S1,services.jpeg
8,Name dwcece,wehp iwehc ehcoew cphc picpc,C2,C2S2,services.jpeg
9,Name dcofrrce,wehp iwehc ehcoew cphc picpc,C2,C2S3,services.jpeg
10,Name vrrefrev,wehp iwehc ehcoew cphc picpc,C2,C2S1,services.jpeg
11,Name bhuuhy,wehp iwehc ehcoew cphc picpc,C2,C2S2,services.jpeg
12,Name mppvrpt,wehp iwehc ehcoew cphc picpc,C2,C2S3,services.jpeg